Country/Region,unit,1990,1991,1992,1993,1994,1995,1996,1997,1998,1999,2000,2001,2002,2003,2004,2005,2006,2007,2008,2009,2010,2011,2012,2013,2014,2015,2016,2017,2018,2019
China,MtCO2e,1823.96,1952.78,2068.77,2296.01,2418.26,2739.24,2721.13,2784.74,2886.91,2804.30,2997.17,3196.84,3477.81,4083.67,4792.58,5492.39,6105.23,6660.95,6867.38,7386.85,8142.70,8572.39,8831.70,9274.40,9296.50,9150.93,9224.56,9445.91,9852.83,10057.12
United States,MtCO2e,4425.93,4388.91,4461.04,4576.63,4648.09,4698.45,4854.84,5124.65,5171.90,5190.39,5357.27,5346.80,5191.55,5257.49,5336.72,5351.86,5251.38,5334.57,5156.54,4754.53,4990.20,4754.62,4537.01,4672.94,4687.99,4571.45,4662.71,4587.55,4743.58,4585.99
India,MtCO2e,342.41,386.06,405.13,430.19,464.74,516.73,552.95,598.17,615.17,680.23,716.76,958.52,990.43,1016.75,1090.64,1141.44,1220.18,1341.71,1429.35,1569.87,1664.96,1691.92,1844.61,1907.60,2082.27,2093.18,2160.98,2286.13,2417.66,2422.03
Indonesia,MtCO2e,832.93,846.80,855.90,869.48,883.55,910.04,774.63,1488.04,909.52,849.92,796.10,631.39,1000.98,760.45,1029.57,827.67,1153.20,738.55,730.71,1033.29,772.49,1280.55,1298.62,1243.89,1533.09,1572.47,1055.63,1065.51,1263.43,1475.21
Russia,MtCO2e,1789.00,1761.91,1656.36,1505.80,1310.59,1260.97,1226.63,1114.94,1113.41,1149.44,1189.64,798.49,796.66,841.25,832.22,843.17,885.96,889.17,886.15,777.55,848.79,1011.42,988.26,945.18,924.43,905.05,1012.49,1035.60,1102.50,1145.09
Japan,MtCO2e,1014.86,1028.31,1039.38,1031.93,1085.06,1095.32,1108.95,1096.89,1054.55,1089.57,1106.84,1072.92,1109.12,1117.46,1112.36,1115.25,1091.90,1127.28,1060.34,1002.97,1058.36,1164.02,1204.05,1213.14,1167.41,1129.69,1135.73,1123.17,1084.08,1049.50
Brazil,MtCO2e,1236.37,1243.94,1246.33,1253.73,1260.97,1279.76,1300.89,1319.81,1329.07,1339.45,1352.16,1420.42,1418.80,1411.85,1429.64,1432.81,1436.74,1453.67,1474.75,1451.12,1499.05,680.29,716.22,748.83,773.60,747.33,831.37,840.80,818.30,818.60
Iran,MtCO2e,178.05,198.68,213.23,216.31,246.28,251.10,259.39,271.98,270.58,302.94,320.04,309.80,325.60,345.50,373.39,406.52,439.91,469.87,478.78,498.02,496.90,552.05,559.12,583.70,605.35,599.18,607.27,626.48,637.48,630.07
Germany,MtCO2e,904.38,881.62,841.89,836.13,824.96,823.72,853.37,821.67,814.24,782.57,779.18,829.57,815.21,818.55,802.75,784.06,796.09,765.48,771.36,716.47,754.73,717.27,730.92,746.94,706.78,713.08,717.68,702.73,678.22,627.92
Canada,MtCO2e,484.37,478.18,491.24,486.92,501.64,513.17,526.86,542.01,550.13,559.77,579.87,808.01,825.78,845.97,837.88,850.43,841.87,872.91,851.72,822.56,838.26,684.44,681.38,690.84,696.86,693.89,591.93,603.22,615.36,615.48
Democratic Republic of the Congo,MtCO2e,370.89,369.45,369.19,369.61,369.92,369.82,369.99,369.99,369.99,369.80,369.34,369.27,369.35,369.70,369.64,369.91,369.98,370.17,370.25,370.20,370.35,604.39,604.20,605.33,606.51,604.60,603.79,604.22,604.49,604.58
South Korea,MtCO2e,205.24,232.35,254.61,285.17,311.84,342.97,367.55,389.20,324.13,359.44,414.22,411.41,402.89,405.58,425.79,420.88,427.73,443.57,454.80,466.52,515.10,548.02,549.86,549.14,537.63,557.37,570.08,580.83,584.84,564.99
Saudi Arabia,MtCO2e,171.41,187.93,202.04,203.26,206.36,204.83,217.65,220.07,233.90,239.52,249.66,254.09,272.25,284.83,299.89,315.29,335.44,354.62,389.72,406.53,446.13,463.77,492.47,503.21,540.52,565.19,561.23,545.07,521.26,523.78
Mexico,MtCO2e,291.89,310.31,313.99,322.98,348.82,329.15,345.01,364.79,387.45,377.49,401.49,312.10,319.27,337.96,347.37,365.46,381.57,390.39,392.82,381.64,396.14,492.25,500.30,489.59,476.09,485.48,487.76,486.03,467.01,463.71
South Africa,MtCO2e,253.94,248.61,245.10,252.77,258.42,270.59,280.39,295.31,302.79,284.73,290.99,326.89,337.69,359.48,386.39,384.04,386.18,403.46,433.13,410.59,431.70,415.55,433.07,443.21,454.21,431.09,431.69,442.21,440.90,446.19
Australia,MtCO2e,313.98,315.11,318.76,323.41,330.53,340.58,351.21,358.26,379.03,384.13,389.87,375.04,382.76,381.97,395.19,399.48,404.87,415.12,418.31,424.66,416.91,356.94,357.53,350.84,342.19,348.35,387.18,391.35,389.25,388.71
Turkey,MtCO2e,122.25,126.85,132.85,138.64,136.88,151.21,168.39,176.49,176.74,175.71,199.45,154.81,165.14,176.20,181.64,192.04,218.12,246.01,244.23,244.86,254.15,258.05,269.21,258.50,280.97,291.92,345.94,387.25,383.08,368.19
United Kingdom,MtCO2e,549.30,558.20,545.41,528.90,522.71,514.33,532.99,511.71,513.52,510.28,518.41,534.35,519.87,532.12,532.15,529.99,531.13,519.57,504.40,455.56,471.51,436.28,458.47,444.45,406.29,391.77,369.85,356.04,349.78,337.96
Malaysia,MtCO2e,168.83,179.31,181.39,187.26,193.94,200.31,209.15,217.85,236.59,225.22,235.81,227.51,240.06,248.12,268.89,280.60,278.68,300.44,311.48,304.88,317.32,93.21,94.45,113.43,140.35,128.53,317.49,302.83,324.37,334.48
Vietnam,MtCO2e,-52.96,-52.49,-51.48,-48.04,-45.61,-40.86,-37.40,-31.70,-26.90,-26.00,-21.27,74.73,86.83,88.92,103.41,110.82,112.88,123.19,135.59,150.30,169.66,133.34,132.86,143.39,158.75,197.99,211.55,217.97,273.10,324.00
Italy,MtCO2e,370.74,369.55,367.75,362.41,357.76,381.89,377.63,381.00,391.85,398.49,401.78,401.86,408.76,427.49,437.69,439.12,431.94,424.66,410.27,362.34,370.56,362.02,342.08,311.79,292.83,303.20,320.53,316.37,312.06,304.42
Thailand,MtCO2e,101.39,110.24,120.12,134.89,149.24,167.86,186.46,189.69,168.62,175.46,176.15,139.60,151.04,158.38,178.13,184.24,186.36,191.08,194.08,186.75,201.23,233.86,250.93,260.96,257.51,264.26,274.66,271.86,270.09,280.13
Poland,MtCO2e,337.06,338.47,330.22,330.87,326.60,326.79,342.00,331.29,305.04,295.56,282.34,222.23,215.88,226.23,230.28,229.77,242.51,241.79,236.73,225.64,242.12,283.51,276.27,271.22,258.62,261.97,266.93,279.96,279.00,262.22
Egypt,MtCO2e,87.34,88.96,90.49,92.25,87.49,93.31,98.53,105.65,110.57,116.13,114.21,126.53,129.27,132.85,144.33,162.05,170.57,183.23,189.76,197.49,200.14,206.68,215.92,214.77,220.04,227.19,231.41,242.41,248.10,249.55
France,MtCO2e,331.39,355.80,343.74,324.57,319.55,327.39,343.03,334.20,356.22,349.99,348.19,310.42,304.67,310.31,311.31,314.18,305.07,296.35,291.51,277.25,281.29,274.04,277.32,277.46,245.00,250.20,251.94,255.85,245.07,238.53
Spain,MtCO2e,172.26,179.41,189.68,175.39,185.76,197.87,187.42,205.91,213.53,235.66,250.68,275.62,293.62,299.53,316.44,331.38,322.66,335.55,305.14,268.36,254.12,266.54,261.41,234.94,233.10,248.42,233.15,249.57,243.16,226.09
Kazakhstan,MtCO2e,236.43,245.54,253.02,218.42,198.35,174.41,152.57,131.42,135.01,121.82,119.33,115.93,129.55,144.63,156.51,167.70,183.78,196.88,240.52,212.10,228.19,235.59,234.74,250.15,199.37,180.87,199.17,211.60,213.62,209.12
Argentina,MtCO2e,144.64,150.23,152.25,154.58,156.23,157.21,166.87,170.44,177.00,178.83,176.60,220.05,212.28,222.48,236.20,240.81,249.72,257.63,262.05,251.39,262.05,242.21,243.54,248.83,245.17,251.12,212.87,209.03,206.60,197.80
Pakistan,MtCO2e,67.07,68.35,75.02,81.80,84.30,90.78,93.87,97.41,98.24,106.82,106.42,106.90,109.39,112.73,125.72,128.74,139.55,153.32,149.23,152.20,147.68,147.15,149.26,151.52,159.69,169.59,188.11,205.82,194.31,197.57
United Arab Emirates,MtCO2e,55.21,61.56,59.70,63.62,70.78,75.17,78.53,81.44,83.45,85.68,84.73,97.20,99.15,103.82,110.01,116.46,121.56,131.83,156.05,157.02,162.79,165.60,175.59,184.47,184.76,195.24,201.08,197.04,177.12,188.86
Iraq,MtCO2e,64.07,45.41,67.20,89.42,101.98,99.93,98.74,118.77,91.65,72.58,87.49,97.50,91.11,81.23,88.06,85.08,82.91,76.60,88.08,94.15,108.50,113.12,129.09,139.19,134.13,133.25,142.73,155.58,163.65,175.05
Algeria,MtCO2e,63.51,67.00,67.42,72.79,74.18,77.01,76.70,75.01,75.22,78.08,80.62,76.24,80.00,85.78,87.09,91.78,97.40,100.35,105.34,109.77,111.77,120.16,134.31,138.40,147.11,155.65,155.10,158.53,165.74,171.45
Colombia,MtCO2e,141.22,142.93,145.00,148.37,149.28,151.85,151.18,156.72,156.99,147.97,150.95,139.36,137.20,136.56,136.61,138.14,138.19,139.69,140.30,142.53,144.10,125.59,126.19,133.36,135.70,136.73,165.65,157.96,161.56,164.01
Ukraine,MtCO2e,640.09,603.40,526.12,450.79,367.14,350.76,297.56,279.68,260.74,257.09,248.70,276.38,279.72,305.94,282.73,270.97,279.54,287.66,276.65,227.03,244.33,269.07,262.84,256.00,223.46,176.79,189.50,162.76,173.43,162.54
Nigeria,MtCO2e,118.76,127.92,137.80,132.23,124.32,132.16,146.22,144.64,134.70,133.01,143.21,147.94,138.23,146.99,144.72,144.71,134.76,127.12,132.93,122.94,136.05,140.99,141.33,154.13,160.82,153.76,156.83,154.49,155.88,161.27
Venezuela,MtCO2e,246.68,246.04,248.16,252.44,251.58,259.08,266.87,272.63,274.34,270.58,276.64,222.97,227.92,222.88,226.76,234.52,234.67,229.52,238.24,239.71,251.23,268.35,289.44,288.78,287.76,271.65,193.89,183.79,175.26,155.47
Philippines,MtCO2e,43.48,43.05,46.42,50.20,53.92,64.15,69.62,77.20,76.62,73.98,74.51,72.87,73.95,76.02,77.52,79.05,71.85,75.61,77.53,78.68,84.32,85.05,88.61,97.93,104.25,113.44,124.42,135.96,141.03,147.88
Netherlands,MtCO2e,149.85,155.98,154.73,159.63,158.73,165.57,175.09,167.77,168.19,162.90,163.54,168.30,168.59,171.50,173.23,169.04,164.81,165.67,166.34,161.60,172.23,160.14,158.84,158.46,151.16,158.78,159.90,157.12,152.72,147.70
Peru,MtCO2e,80.62,80.01,80.78,81.55,82.28,85.40,87.81,87.71,86.72,88.83,88.39,91.35,92.55,91.98,96.13,96.18,95.73,98.69,103.17,106.05,109.88,137.30,136.99,138.62,142.04,143.42,146.65,144.07,144.38,146.54
Myanmar,MtCO2e,146.06,145.99,146.26,146.79,147.62,148.94,148.08,147.66,149.00,149.82,150.55,131.68,131.08,134.34,136.01,133.89,134.96,134.96,130.84,131.97,134.01,114.91,118.55,121.56,124.63,128.28,125.75,134.58,137.35,139.37
Uzbekistan,MtCO2e,116.97,117.79,112.28,113.80,108.08,97.36,98.81,99.94,115.47,115.70,123.01,114.09,118.29,110.30,113.24,107.59,115.75,110.98,117.28,104.93,114.64,125.51,110.02,108.73,101.75,96.05,101.87,106.17,109.11,113.34
Bangladesh,MtCO2e,34.13,33.44,34.43,35.18,36.15,39.20,39.47,41.60,41.77,42.46,43.87,48.44,50.03,51.21,52.99,55.17,58.36,60.48,64.06,67.24,73.08,76.45,80.01,82.57,85.73,94.08,96.13,101.09,105.18,112.47
Zimbabwe,MtCO2e,26.94,28.70,28.87,27.48,26.36,25.89,25.26,24.23,24.47,26.22,24.10,24.84,23.43,21.12,20.71,21.45,20.77,20.70,18.54,18.69,20.54,22.73,23.33,23.60,23.40,23.75,98.18,97.50,99.54,98.92
Belgium,MtCO2e,105.40,110.05,108.42,106.19,110.99,110.65,115.53,112.72,115.49,111.59,113.27,115.33,107.84,112.49,111.01,107.60,105.63,101.57,103.92,96.65,103.71,94.12,92.91,94.23,87.78,92.77,94.38,92.88,93.82,93.17
Kuwait,MtCO2e,29.11,7.80,23.03,30.72,36.65,36.23,35.61,37.28,42.11,45.72,49.82,53.16,55.57,58.09,61.89,69.88,72.41,70.57,75.82,77.63,80.70,83.28,85.30,87.35,85.56,89.01,91.55,90.72,91.38,92.65
Qatar,MtCO2e,12.54,14.98,14.68,16.61,18.49,19.05,20.94,25.39,26.50,29.00,28.66,28.65,32.50,34.74,37.07,38.54,43.77,49.83,53.04,54.07,60.58,68.19,75.08,76.17,81.66,84.78,86.92,87.54,86.42,91.97
Czech Republic,MtCO2e,140.76,127.46,124.70,121.54,115.27,115.74,117.30,115.35,109.48,102.50,113.72,115.78,111.58,115.82,116.49,113.05,113.65,116.68,111.36,104.22,105.30,105.54,102.44,97.52,93.87,95.51,95.91,96.02,95.08,90.47
Bolivia,MtCO2e,86.73,87.19,87.47,86.52,85.83,84.89,84.60,85.44,84.98,84.54,84.52,64.94,65.19,65.98,66.38,66.95,68.13,68.98,70.00,70.90,72.06,76.39,77.20,78.52,80.19,80.54,89.39,90.13,90.61,89.72
Tanzania,MtCO2e,54.02,54.00,53.99,54.05,54.04,54.86,55.19,55.02,54.83,54.67,55.08,55.24,55.66,55.84,57.12,57.71,58.09,57.92,58.06,57.89,58.88,60.15,61.84,62.76,62.67,63.65,75.31,75.95,76.10,76.55
Oman,MtCO2e,11.92,15.72,14.92,15.18,16.19,18.87,19.38,20.02,19.52,21.98,25.11,28.03,29.97,31.70,31.26,31.01,39.19,42.26,41.31,43.59,47.08,53.62,60.55,63.01,66.39,70.13,72.15,71.95,75.62,76.05
Turkmenistan,MtCO2e,44.65,37.79,28.10,26.97,33.55,33.99,30.61,30.50,31.84,37.69,38.51,38.96,41.24,46.18,49.20,50.43,51.75,58.32,59.11,52.22,59.01,65.45,69.01,70.22,71.40,73.40,73.34,73.12,73.05,72.87
Morocco,MtCO2e,16.60,18.22,19.98,20.68,22.82,23.90,23.59,25.01,25.74,27.30,27.98,31.75,32.95,32.73,36.47,39.06,40.47,41.83,44.11,44.23,47.23,54.50,56.64,56.15,57.25,58.97,58.38,61.58,63.02,69.54
Ecuador,MtCO2e,51.99,52.31,53.41,53.52,55.37,57.49,60.57,61.52,61.04,58.18,58.62,52.74,52.66,53.15,54.74,56.79,58.69,59.20,60.25,63.06,65.82,54.14,54.13,56.75,58.85,58.57,65.96,64.70,66.29,65.44
Israel,MtCO2e,33.78,34.50,36.83,40.48,43.34,46.75,48.71,50.94,51.48,52.96,56.97,57.95,61.07,62.92,63.15,61.01,64.32,66.59,66.70,65.72,70.51,69.78,76.02,66.96,64.67,66.10,65.06,65.70,61.16,62.73
Greece,MtCO2e,74.69,74.89,77.25,77.16,78.80,81.91,81.83,82.84,86.20,86.47,93.53,95.53,95.52,99.14,98.76,100.86,99.62,103.23,99.32,93.65,86.49,85.95,81.49,73.89,70.95,69.41,68.25,68.19,66.41,61.39
Angola,MtCO2e,16.84,16.95,17.15,19.54,21.57,22.99,25.71,26.43,27.04,27.90,26.50,51.57,51.31,52.38,53.07,51.42,52.17,52.58,54.88,56.75,58.41,59.47,59.47,62.56,65.23,67.25,65.36,59.84,59.55,60.80
Mozambique,MtCO2e,49.47,49.29,49.45,49.65,49.45,49.53,49.52,49.64,49.60,49.59,49.78,50.34,50.50,50.83,50.84,50.64,50.79,51.16,51.17,51.42,51.61,48.93,49.26,49.79,50.44,51.10,60.11,60.03,59.78,60.32
North Korea,MtCO2e,129.69,123.70,111.05,103.07,95.11,89.78,80.37,73.88,67.30,72.93,78.18,76.08,72.90,74.43,76.02,79.29,80.64,67.33,74.53,57.06,53.32,40.29,41.68,30.83,34.42,28.30,33.29,57.57,53.82,59.33
Austria,MtCO2e,44.80,48.95,44.19,44.33,44.81,47.71,51.43,50.75,51.20,49.58,50.06,61.75,63.20,68.30,69.63,70.07,67.93,65.08,64.56,58.25,63.80,61.20,58.04,58.68,54.98,56.17,56.56,58.73,55.94,57.64
Libya,MtCO2e,28.60,28.82,26.34,30.58,38.64,43.48,45.43,42.20,41.90,43.22,44.72,44.45,45.59,48.92,48.46,52.99,52.92,49.39,53.27,56.40,59.55,41.95,57.63,58.61,58.00,51.33,50.95,55.16,56.62,56.80
Paraguay,MtCO2e,44.10,44.05,44.51,44.85,45.37,45.81,45.76,46.14,46.30,46.30,45.56,59.92,60.08,60.24,60.28,60.00,60.26,60.02,60.63,60.87,61.35,73.39,73.35,73.47,73.80,74.54,53.15,54.03,54.44,54.18
Romania,MtCO2e,173.34,143.46,126.89,118.40,115.87,121.58,124.91,114.31,100.24,85.69,89.72,92.54,91.05,95.45,92.65,92.02,96.57,94.04,92.73,78.02,74.93,-201.05,-203.27,-213.03,-213.58,-211.80,48.71,51.33,52.31,51.06
Ethiopia,MtCO2e,28.61,28.63,27.81,28.24,28.56,28.90,29.20,29.38,29.59,29.60,29.97,35.42,35.65,36.08,36.42,36.18,36.53,37.09,37.65,37.77,37.72,39.29,40.22,41.77,43.92,44.47,46.77,47.59,48.96,50.07
Papua New Guinea,MtCO2e,31.35,31.35,31.36,31.39,31.23,33.50,33.56,33.89,34.75,36.00,37.60,37.87,38.41,38.72,39.74,39.48,39.05,39.11,38.26,38.28,38.25,45.48,45.19,45.46,46.00,46.62,48.51,48.43,48.56,48.58
Botswana,MtCO2e,44.03,43.95,44.52,44.47,44.30,44.41,44.13,44.28,44.91,45.13,45.33,45.17,45.34,45.24,45.33,45.63,45.44,45.67,45.75,45.53,44.71,45.22,44.75,46.76,48.32,48.28,47.96,48.66,48.64,48.58
Hungary,MtCO2e,69.04,66.18,59.63,60.01,59.41,59.07,60.10,58.62,58.98,59.53,56.26,58.67,57.97,60.51,58.62,58.19,57.73,56.12,55.28,50.10,50.15,48.25,44.77,42.10,41.96,44.72,46.15,48.34,48.29,48.27
Finland,MtCO2e,23.44,24.01,21.15,22.34,28.80,24.98,31.47,29.53,26.22,25.64,24.44,45.79,48.21,56.53,52.66,40.47,52.06,50.15,41.74,39.31,47.70,0.45,-5.25,-4.46,-8.46,-11.81,52.32,49.71,51.52,47.65
Singapore,MtCO2e,28.92,30.42,31.36,36.11,37.93,37.53,38.47,38.11,37.00,37.75,42.07,41.98,41.24,38.10,39.56,36.85,37.12,38.23,38.37,38.78,42.36,44.72,43.64,43.86,44.35,45.38,46.13,49.17,47.43,47.41
Serbia,MtCO2e,58.99,49.29,45.08,39.80,35.99,41.63,48.74,53.40,53.30,37.10,41.07,9.41,12.99,16.55,20.75,15.09,17.42,15.87,14.24,11.28,11.51,48.39,42.95,43.63,36.12,42.55,46.53,47.25,46.04,45.86
Solomon Islands,MtCO2e,4.07,4.07,4.08,4.09,4.10,4.11,4.12,4.13,4.13,4.14,4.15,1.94,1.95,1.96,2.00,2.03,2.03,2.03,2.02,2.02,2.03,-17.47,-17.47,-17.43,-17.48,-17.51,45.77,45.77,45.77,45.77
Cambodia,MtCO2e,5.43,5.47,5.52,5.55,5.65,5.64,5.70,5.81,6.05,6.08,6.13,5.73,5.78,5.95,5.95,6.23,6.54,7.23,7.63,8.32,8.71,70.29,70.60,70.66,71.87,73.36,40.07,41.69,43.58,45.18
Portugal,MtCO2e,42.53,44.23,48.24,47.26,48.77,52.16,50.20,52.39,57.06,63.66,63.11,61.97,66.19,61.11,62.72,66.07,61.04,59.39,57.43,56.89,51.53,49.06,47.42,45.75,45.12,49.04,49.06,53.63,49.80,44.93
Cameroon,MtCO2e,55.76,59.82,59.70,58.62,57.47,57.54,57.61,57.72,57.91,57.68,58.16,46.48,46.46,46.53,46.46,46.36,46.44,47.48,47.75,48.42,48.44,40.49,40.58,41.26,41.96,42.17,42.86,42.95,43.35,43.19
Sudan,MtCO2e,26.50,25.94,25.67,24.35,25.83,25.86,25.66,26.61,26.16,26.78,27.18,28.08,29.52,29.72,30.63,32.29,34.69,35.76,36.75,37.29,38.23,37.07,37.32,36.73,37.63,40.23,42.13,41.96,41.87,41.63
Zambia,MtCO2e,20.03,20.16,20.13,19.80,19.43,19.42,19.05,19.56,19.46,19.10,19.21,19.25,19.38,19.54,19.57,19.75,19.62,19.42,19.64,19.92,20.10,35.91,36.89,37.09,37.53,37.80,38.14,39.63,40.47,39.54
CÃ´te d'Ivoire,MtCO2e,63.00,63.09,63.07,63.25,63.39,63.88,64.59,65.56,65.62,67.46,67.15,33.08,33.42,31.89,32.06,32.46,32.28,32.25,33.07,32.63,32.96,32.73,34.65,35.31,35.83,36.44,36.23,37.20,36.84,37.48
Belarus,MtCO2e,66.87,63.26,54.99,43.42,31.81,24.75,25.79,26.37,24.52,22.40,20.41,27.28,27.21,28.02,31.26,31.98,34.28,32.78,35.54,32.35,36.63,42.14,43.53,43.59,43.08,38.40,33.79,34.56,37.43,36.16
Switzerland,MtCO2e,41.87,44.21,44.25,41.99,41.13,41.98,42.54,41.28,42.78,43.06,42.24,42.83,41.23,42.49,42.93,43.49,43.12,41.18,42.61,41.31,42.85,38.98,40.31,41.32,37.58,36.88,37.43,36.46,35.24,35.14
Azerbaijan,MtCO2e,51.90,50.48,62.04,46.47,31.94,30.90,25.61,24.91,24.91,24.54,26.11,24.58,24.36,26.75,26.50,28.23,28.67,25.81,28.63,23.68,22.50,24.43,27.26,28.09,29.40,28.92,30.32,30.04,30.81,33.59
Chile,MtCO2e,13.15,11.94,12.96,14.96,18.28,21.61,27.53,33.92,34.65,37.07,33.07,12.34,13.03,14.11,18.88,19.88,21.06,28.49,31.90,29.36,33.66,-4.88,-2.94,1.65,-4.79,0.87,28.62,29.20,28.74,33.51
Bahrain,MtCO2e,10.74,10.34,12.27,13.06,13.37,13.53,14.15,14.41,15.49,15.45,15.87,16.38,17.22,17.94,17.93,20.69,22.48,23.00,24.76,24.71,25.96,26.01,27.17,28.85,30.28,30.58,30.30,30.52,30.81,33.25
Ireland,MtCO2e,28.50,29.00,29.04,29.19,30.36,30.98,32.36,33.50,35.95,37.51,40.07,42.69,41.81,41.96,42.56,44.52,45.13,44.23,43.65,38.43,38.06,34.44,34.88,33.46,33.28,34.82,36.03,34.98,34.87,32.96
Denmark,MtCO2e,52.43,63.14,57.38,59.71,63.54,60.34,73.69,63.99,60.05,57.06,52.93,54.23,53.83,59.22,53.71,50.18,58.12,53.39,50.11,47.91,48.11,41.14,36.26,38.01,33.86,31.74,36.18,33.99,33.99,30.55
Slovakia,MtCO2e,45.38,38.50,36.66,34.89,32.27,32.94,32.74,32.84,31.97,31.22,28.64,30.17,29.66,29.93,29.03,30.11,29.47,28.79,28.69,25.51,27.03,26.51,24.74,25.31,22.83,23.15,30.43,32.51,31.94,30.01
Burkina Faso,MtCO2e,12.76,12.77,12.78,12.79,12.80,12.83,12.89,12.95,13.02,13.15,13.20,17.42,17.41,17.49,17.51,17.52,17.69,17.86,18.15,18.18,18.74,8.33,8.81,9.00,9.05,9.57,27.80,28.37,28.77,29.11
Lebanon,MtCO2e,5.64,7.05,7.03,10.34,11.29,13.32,14.14,16.14,16.27,17.05,15.69,16.90,16.84,17.42,17.89,17.29,16.24,15.05,18.65,21.91,20.87,21.10,23.39,23.17,25.08,26.94,27.73,29.24,27.71,27.87
Laos,MtCO2e,11.02,11.05,11.10,11.11,11.14,11.18,11.28,11.33,11.36,11.38,11.41,13.17,13.28,13.33,13.39,13.43,13.82,13.91,14.22,14.71,15.05,11.71,11.94,12.83,13.01,17.54,24.37,27.72,28.03,27.38
Mongolia,MtCO2e,17.14,18.93,17.03,16.02,14.50,14.45,12.87,12.71,12.75,12.81,13.21,13.06,13.69,13.39,13.66,15.17,16.53,17.13,17.07,17.75,18.42,18.90,20.31,21.55,21.30,20.47,21.29,22.67,24.64,26.17
Tunisia,MtCO2e,13.62,14.11,15.19,15.50,15.50,15.86,16.40,16.96,17.74,18.75,19.78,20.27,20.40,20.19,21.17,21.66,22.59,23.44,23.94,23.99,26.21,30.22,31.67,31.73,33.83,34.36,25.82,26.17,26.10,26.12
Syria,MtCO2e,31.72,35.09,34.48,35.21,36.77,38.31,41.35,41.40,43.96,43.20,43.73,44.06,43.60,43.71,45.69,56.55,59.54,62.93,64.60,60.02,60.42,56.24,46.35,30.03,25.93,24.59,26.35,29.34,27.39,25.72
Sri Lanka,MtCO2e,8.47,8.62,9.88,9.72,10.40,10.45,12.98,12.97,13.24,14.12,15.55,13.35,13.89,14.92,15.37,16.48,14.90,16.07,15.28,14.76,15.53,16.07,17.49,15.11,18.22,20.98,23.85,25.27,23.60,25.69
Dominican Republic,MtCO2e,0.59,0.96,2.35,2.25,3.87,4.58,5.46,7.23,9.35,10.53,11.40,17.05,18.95,16.79,15.34,16.75,18.43,18.69,18.64,17.72,18.74,19.74,20.51,20.11,20.28,22.42,23.04,21.99,23.75,25.68
Chad,MtCO2e,8.02,8.02,8.04,8.04,8.05,8.06,8.07,8.09,8.10,8.11,7.92,17.02,17.08,17.12,17.12,17.15,17.18,17.18,17.22,17.47,17.92,26.99,27.75,28.08,28.16,28.28,25.54,25.48,25.52,25.58
Nicaragua,MtCO2e,21.47,21.46,21.77,21.74,22.06,22.19,22.35,22.56,23.05,23.07,23.30,27.56,27.70,28.20,28.17,27.97,28.19,28.34,28.14,28.03,28.15,15.76,15.68,15.46,15.74,16.25,24.89,24.99,24.63,24.75
Jordan,MtCO2e,9.93,9.78,11.93,12.20,12.99,13.60,13.87,14.37,14.62,14.63,16.27,16.25,16.87,17.31,18.58,19.87,20.17,21.09,20.01,20.66,20.20,20.76,24.12,23.80,25.55,25.31,24.82,26.15,24.78,24.63
New Zealand,MtCO2e,-3.57,-3.25,-1.50,-1.92,-1.66,-1.56,-0.47,1.80,1.29,2.72,3.55,8.80,8.72,10.57,10.01,11.41,11.44,10.44,11.34,8.34,8.21,13.58,15.39,15.17,15.25,15.56,20.57,22.31,21.74,23.39
Cuba,MtCO2e,24.80,16.59,10.95,9.33,10.89,12.35,14.38,16.62,16.29,17.17,17.53,17.21,16.17,15.37,15.11,16.06,16.53,17.42,16.49,16.73,17.86,14.88,15.98,16.16,13.98,16.50,24.13,23.19,23.66,22.86
Guatemala,MtCO2e,20.06,20.16,20.95,21.23,21.56,22.48,22.31,22.67,24.41,24.32,25.54,23.53,24.19,24.26,24.47,25.25,25.24,26.13,24.96,25.57,25.16,19.45,19.86,20.72,21.66,24.05,20.76,19.84,21.59,22.58
Uganda,MtCO2e,16.62,16.64,16.65,16.64,16.56,16.82,16.92,16.97,17.13,17.15,17.15,17.15,17.33,17.41,17.47,17.87,18.25,18.71,18.82,19.19,19.17,19.58,19.61,19.53,19.94,20.55,20.78,21.00,21.68,21.68
Bosnia and Herzegovina,MtCO2e,27.22,24.70,19.22,16.66,6.42,6.63,7.44,11.75,14.02,13.77,17.21,14.11,14.90,15.22,15.92,16.57,18.26,19.23,21.11,20.93,21.19,20.02,18.24,18.13,15.78,15.90,20.61,20.94,20.86,19.33
Sweden,MtCO2e,55.21,56.10,58.61,58.36,60.35,60.10,65.52,59.26,60.26,59.21,55.31,40.95,42.49,43.70,42.17,38.88,37.61,35.88,34.94,31.76,37.15,22.30,19.89,18.29,16.88,16.99,22.13,21.72,19.70,18.69
Somalia,MtCO2e,18.09,18.06,18.03,17.99,17.98,17.95,17.93,17.90,17.87,17.85,17.84,17.86,17.92,17.93,17.93,17.93,17.93,17.98,17.97,17.97,17.98,17.99,17.98,18.01,18.00,18.00,18.01,18.01,18.01,18.05
Benin,MtCO2e,15.32,15.27,15.28,15.28,15.27,15.30,15.97,16.23,16.21,16.33,16.42,12.45,12.89,13.15,13.36,13.61,14.18,14.71,14.73,15.13,15.54,15.36,15.16,15.39,15.90,16.22,17.45,17.58,18.13,18.01
Panama,MtCO2e,8.68,9.12,9.63,9.79,10.03,10.35,10.40,10.63,11.71,11.00,11.27,10.62,9.81,9.93,10.01,11.52,11.89,11.88,11.70,13.10,13.59,14.39,14.86,14.65,15.16,15.10,15.17,14.53,14.46,17.74
Republic of Congo,MtCO2e,12.64,12.63,12.56,12.13,11.49,12.04,12.51,12.57,13.19,13.29,13.53,13.24,11.75,12.19,12.46,13.28,13.77,13.11,13.38,13.85,14.46,14.52,14.62,14.74,14.67,15.13,15.91,15.85,16.96,17.73
Trinidad and Tobago,MtCO2e,13.24,13.13,13.23,10.80,8.87,8.70,9.28,9.77,10.01,9.98,10.29,11.76,12.81,15.59,16.24,17.73,20.20,20.63,20.16,19.18,21.59,22.37,21.63,22.32,22.15,21.45,18.44,18.37,17.90,17.31
Norway,MtCO2e,14.26,12.28,15.15,17.38,19.37,19.34,19.54,21.48,22.83,24.63,19.23,11.84,11.49,14.30,14.48,13.50,14.35,14.91,14.03,14.60,18.60,20.65,19.54,20.55,20.18,20.56,19.81,18.77,18.67,17.02
Guyana,MtCO2e,8.14,8.12,8.05,8.06,8.38,8.89,9.23,9.47,9.51,9.68,9.63,10.32,10.31,10.30,10.78,10.58,10.42,10.69,10.69,10.71,10.84,18.58,18.74,18.70,18.78,18.79,16.56,16.55,16.67,16.92
Nepal,MtCO2e,-0.84,-0.59,-0.54,-0.36,0.18,0.29,0.35,0.59,0.73,1.81,1.93,-0.67,-1.35,-1.12,-1.33,-0.96,-1.53,-1.46,-1.16,-0.28,0.48,8.21,9.01,9.10,10.15,10.21,13.37,15.43,18.14,16.39
Guinea,MtCO2e,11.78,11.80,11.83,11.86,11.90,11.93,12.00,12.05,12.13,12.20,12.24,12.67,12.73,12.79,12.85,12.92,12.99,13.06,13.09,13.20,13.59,13.76,13.62,13.31,13.38,13.68,15.04,15.56,15.98,16.18
Honduras,MtCO2e,7.99,7.99,8.27,8.43,8.79,9.40,9.44,9.57,10.21,10.28,10.52,11.16,11.44,12.08,12.91,12.33,13.33,13.89,13.94,13.43,13.54,14.71,15.14,15.27,15.36,15.83,14.99,14.79,15.57,15.74
Senegal,MtCO2e,7.21,7.22,7.45,7.39,7.49,7.65,7.81,8.10,8.48,8.85,8.95,10.82,10.95,10.86,11.76,12.04,11.94,12.57,12.81,13.04,13.40,12.04,11.93,12.48,13.04,13.76,14.46,14.13,14.51,14.95
Namibia,MtCO2e,false,11.68,11.78,11.97,12.20,12.33,12.48,12.53,12.58,12.54,12.50,13.02,12.69,12.83,12.94,13.09,13.10,13.18,13.51,13.58,13.69,13.89,14.09,14.35,14.51,14.76,14.69,14.83,14.79,14.78
Kenya,MtCO2e,1.78,1.54,1.60,1.51,1.51,2.02,2.62,2.29,2.81,3.13,3.97,22.73,22.54,21.64,22.55,23.44,24.41,24.48,25.02,26.82,27.75,21.33,20.44,22.39,23.44,25.50,11.49,11.36,9.87,14.66
Liberia,MtCO2e,13.85,13.77,13.80,13.82,13.82,13.82,13.84,13.86,13.90,13.81,13.85,13.89,13.88,13.92,14.00,14.11,14.13,14.08,13.98,13.98,14.17,14.29,14.39,14.36,14.66,14.70,14.85,14.72,14.56,14.62
Madagascar,MtCO2e,29.65,29.71,29.72,29.75,29.97,30.18,30.12,30.20,30.50,30.60,30.60,23.70,23.10,23.60,23.67,23.73,23.67,23.76,23.82,23.72,23.91,12.30,12.85,13.03,13.12,13.39,13.29,13.58,13.47,14.24
Central African Republic,MtCO2e,14.11,14.10,14.11,14.12,14.12,14.13,14.13,14.13,14.19,14.20,14.21,14.22,14.21,14.19,14.19,14.19,14.20,14.20,14.14,14.14,14.14,14.16,14.17,14.09,14.11,14.16,14.19,14.21,14.21,14.22
Slovenia,MtCO2e,4.13,3.34,3.42,4.15,4.20,5.07,5.89,6.32,6.10,5.54,5.18,3.85,4.00,3.89,4.17,4.39,4.77,4.76,5.83,3.99,4.26,13.07,12.49,11.92,10.49,10.51,14.25,14.47,14.42,13.94
Croatia,MtCO2e,19.49,13.89,14.18,14.69,14.02,14.61,14.41,16.22,17.68,17.67,17.19,18.37,19.45,20.78,20.27,20.62,20.77,22.05,20.90,19.48,18.63,17.53,15.91,15.51,14.74,15.10,12.53,13.06,12.09,12.18
Estonia,MtCO2e,33.50,29.76,22.02,16.54,16.01,14.51,15.45,15.04,14.57,13.79,13.47,13.96,13.55,15.54,15.66,15.88,14.63,18.64,17.06,13.72,17.70,12.01,10.73,13.17,11.79,9.39,17.93,18.64,17.28,12.13
Suriname,MtCO2e,5.00,5.29,5.29,5.30,5.31,5.39,5.47,5.50,5.52,5.61,4.94,5.32,4.92,5.03,5.37,5.66,5.50,5.38,5.42,5.41,5.71,10.20,10.69,10.54,10.87,10.97,12.31,11.86,11.57,12.01
Gabon,MtCO2e,7.71,8.16,8.14,8.26,8.22,8.82,9.41,9.17,10.00,9.68,9.73,9.38,9.11,9.61,9.28,9.25,8.63,8.13,8.46,8.39,8.94,12.22,12.04,12.23,12.41,12.56,12.87,11.79,11.59,11.71
Lithuania,MtCO2e,32.89,34.96,20.67,16.42,15.50,14.42,14.89,14.57,15.35,12.86,11.12,11.25,11.31,11.32,11.98,12.88,13.07,13.26,13.11,11.72,12.64,5.78,5.86,5.27,4.78,4.98,10.59,10.60,11.02,11.10
Yemen,MtCO2e,6.64,8.50,9.13,8.55,9.34,10.53,10.80,11.64,12.46,14.06,15.03,16.07,16.09,18.70,19.63,21.11,21.92,23.27,24.22,26.57,25.43,22.95,21.01,27.83,27.43,13.55,10.85,10.01,9.72,11.10
South Sudan,MtCO2e,7.38,7.35,7.31,7.19,7.29,7.37,7.38,7.47,7.42,7.48,7.52,7.70,7.84,7.91,8.11,8.07,8.16,8.33,8.40,8.46,8.48,8.23,7.99,8.02,8.07,8.51,10.67,10.44,10.45,10.60
Georgia,MtCO2e,15.22,7.24,1.81,-2.17,-7.82,-10.09,-11.90,-12.75,-13.28,-13.75,-13.49,0.00,-0.56,-0.36,-0.14,0.73,1.18,2.11,1.32,2.11,1.81,6.52,7.19,7.84,8.47,9.20,9.65,9.73,9.57,10.11
Malawi,MtCO2e,8.69,8.78,8.77,8.86,8.88,8.89,8.88,8.92,8.91,8.96,8.89,8.87,8.87,8.93,8.95,8.95,8.97,9.01,9.15,9.16,9.07,9.11,9.13,9.15,8.99,9.07,9.27,9.33,9.53,9.60
Tajikistan,MtCO2e,11.05,10.21,7.72,5.20,3.07,2.54,2.27,2.55,2.80,2.58,2.23,1.80,1.78,1.82,2.25,2.12,2.34,2.92,2.69,2.06,2.10,2.16,2.61,2.79,4.18,4.50,5.97,7.24,8.55,9.29
Luxembourg,MtCO2e,10.65,11.11,10.80,11.01,10.17,8.02,8.10,7.60,6.93,7.28,8.00,8.60,9.30,9.72,11.14,11.40,11.20,10.60,10.51,9.93,10.52,10.66,10.45,9.91,9.41,8.89,8.58,8.72,9.04,9.21
Equatorial Guinea,MtCO2e,3.89,3.90,4.73,4.79,4.86,4.93,5.03,5.49,5.80,7.07,6.05,7.23,8.46,8.84,10.03,12.15,13.20,12.37,13.61,13.54,13.78,13.82,13.65,13.02,11.74,10.40,10.49,9.63,10.26,9.18
Moldova,MtCO2e,30.23,24.30,20.02,17.11,13.83,11.84,10.10,9.28,8.35,7.05,6.40,6.02,6.18,6.76,6.77,7.17,6.97,7.13,7.14,6.63,7.29,7.90,7.69,6.73,7.26,7.57,8.25,8.17,8.65,8.97
El Salvador,MtCO2e,3.46,4.15,4.43,5.00,5.54,6.04,5.47,6.40,6.75,6.69,6.71,6.95,7.02,7.59,7.76,7.92,8.32,8.71,7.99,7.76,7.62,7.86,7.85,7.54,7.67,8.08,8.25,7.46,7.89,8.88
Jamaica,MtCO2e,7.83,7.76,8.50,8.68,8.74,9.05,9.41,9.57,10.12,10.41,10.50,7.65,7.82,8.16,8.14,8.13,9.63,9.59,7.19,5.45,5.05,7.76,7.20,7.64,7.43,7.33,7.75,7.40,8.79,8.57
Macedonia,MtCO2e,8.59,8.38,8.54,8.84,8.55,8.52,10.06,8.99,9.84,9.09,8.76,8.92,8.37,9.14,8.84,9.23,9.22,9.70,9.48,8.87,8.64,9.52,9.05,8.14,7.70,7.41,7.30,7.79,7.30,8.30
Brunei,MtCO2e,4.78,4.90,5.10,5.45,5.78,6.13,6.19,6.72,8.95,5.74,6.04,6.06,5.92,6.92,6.39,6.28,8.78,8.40,9.17,9.14,8.42,7.68,7.64,7.55,7.48,6.77,7.34,7.61,7.87,7.32
Cyprus,MtCO2e,4.52,5.04,5.41,5.67,5.91,5.78,6.14,6.24,6.54,6.80,7.06,6.73,6.90,7.57,7.52,7.64,7.74,8.04,8.23,8.01,7.63,7.32,6.78,6.11,6.49,6.53,6.97,7.11,6.95,6.94
Kyrgyzstan,MtCO2e,21.74,19.40,12.78,9.09,5.52,3.58,4.75,4.67,5.01,3.77,3.65,3.96,4.96,5.58,5.55,5.29,5.31,6.46,7.50,6.75,6.34,6.88,9.32,8.64,8.97,9.53,6.43,6.16,7.98,6.78
Afghanistan,MtCO2e,-0.01,-0.16,-1.00,-1.05,-1.10,-1.15,-1.21,-1.29,-1.35,-1.58,-1.63,0.86,1.16,1.34,1.16,1.67,1.89,1.89,3.69,5.00,7.23,8.68,7.83,5.74,4.63,5.70,5.46,4.94,6.22,6.23
Armenia,MtCO2e,19.98,20.82,11.03,5.17,2.87,3.64,2.71,3.47,3.60,3.24,3.69,3.73,3.24,3.62,3.89,4.58,4.61,5.33,5.81,4.63,4.46,4.86,5.64,5.42,5.40,5.27,5.10,5.41,5.75,6.21
Belize,MtCO2e,6.89,6.99,7.06,7.03,7.01,7.02,6.92,7.01,7.00,6.95,6.97,3.76,3.76,3.74,3.68,3.71,3.75,3.78,3.74,4.72,3.81,6.14,6.14,5.93,5.95,6.15,5.88,5.88,5.87,5.88
Mali,MtCO2e,0.01,0.01,0.01,0.01,0.01,0.01,0.00,0.01,false,false,1.41,1.61,1.40,1.40,1.48,1.65,1.89,2.07,2.08,2.51,2.78,3.12,3.11,3.22,3.38,3.65,4.67,5.18,5.47,5.83
Bulgaria,MtCO2e,51.85,37.07,33.61,34.17,31.97,33.13,33.54,31.24,28.72,22.56,21.66,22.64,20.05,24.39,23.72,24.44,25.40,29.05,26.48,19.35,21.18,37.53,32.91,27.55,29.94,32.44,7.78,10.08,7.09,5.34
Latvia,MtCO2e,5.84,4.27,1.01,-1.20,-2.74,-3.89,-3.87,-4.34,-4.72,-5.24,-5.77,-6.54,-6.54,-6.29,-6.24,-6.14,-5.65,-5.30,-5.71,-6.45,-5.28,5.24,4.92,4.80,4.60,4.64,4.37,4.33,5.01,4.79
Uruguay,MtCO2e,-9.39,-8.87,-8.47,-8.75,-8.97,-8.54,-7.78,-7.67,-7.46,-6.45,-7.77,-5.02,-5.44,-5.49,-4.51,-4.56,-3.64,-4.12,-2.22,-2.31,-3.69,0.71,1.62,0.46,-0.40,-0.26,4.76,4.34,4.78,4.72
Albania,MtCO2e,6.17,4.25,2.41,2.25,2.26,2.12,2.13,1.66,1.98,3.16,3.36,2.12,2.65,2.95,3.13,2.92,2.90,3.02,2.97,3.10,3.33,4.01,3.51,3.59,3.98,3.78,4.24,4.91,4.87,4.59
Sierra Leone,MtCO2e,3.66,3.69,3.67,3.67,3.70,3.58,3.66,3.57,3.59,3.54,3.68,3.79,3.84,3.89,3.88,3.79,3.94,3.85,3.86,3.86,3.90,4.08,4.21,4.38,4.49,4.25,4.28,4.29,4.20,4.24
Burundi,MtCO2e,5.56,5.60,5.57,5.58,5.58,5.70,5.72,5.75,5.77,5.84,5.86,3.73,3.74,3.69,3.67,3.69,3.72,3.72,3.72,3.71,3.84,-1.05,-1.04,-1.02,-1.03,-1.01,3.94,4.02,4.16,4.20
Mauritius,MtCO2e,1.14,1.23,1.30,1.45,1.49,1.53,1.59,1.60,1.77,2.18,2.41,2.65,2.70,2.83,2.85,3.05,3.39,3.48,3.55,3.51,3.75,3.64,3.73,3.82,3.95,3.97,4.01,4.15,4.11,4.15
Haiti,MtCO2e,1.09,1.07,0.97,0.76,0.26,0.97,1.13,1.34,1.38,1.45,1.54,1.67,1.90,1.88,1.74,1.77,1.79,2.11,2.10,2.06,2.53,3.35,3.07,3.30,3.67,3.93,4.00,3.96,3.92,3.95
Niger,MtCO2e,6.24,6.21,6.17,6.24,6.22,6.20,6.28,6.29,6.34,6.32,6.34,1.90,1.93,1.99,2.03,1.99,1.99,2.05,2.10,2.32,2.60,2.63,3.12,3.20,3.38,3.34,3.35,3.16,3.20,3.39
Togo,MtCO2e,3.64,3.59,3.41,3.30,3.57,3.64,4.02,3.43,3.86,4.37,3.93,2.12,2.29,2.78,2.72,2.69,2.51,2.45,2.51,3.77,3.58,3.46,3.18,2.69,2.53,2.77,3.11,2.88,3.12,3.18
Rwanda,MtCO2e,3.45,3.40,3.41,3.41,3.37,3.37,3.39,3.42,3.41,3.44,3.45,3.24,3.23,3.22,3.22,3.22,3.22,3.25,3.23,3.26,3.27,2.45,2.53,2.59,2.64,2.76,2.84,2.86,2.94,2.99
Mauritania,MtCO2e,1.34,1.38,1.41,1.45,1.47,1.57,1.63,1.63,1.64,1.70,1.67,1.80,1.94,1.87,2.03,1.90,2.12,2.38,2.30,2.75,2.80,2.86,3.12,2.99,3.30,3.95,2.18,2.40,2.60,2.87
Bahamas,MtCO2e,1.96,2.04,2.57,2.09,2.07,2.20,2.07,1.87,2.36,2.32,2.23,2.22,2.40,2.38,2.25,2.11,2.10,2.12,2.20,6.17,2.08,2.57,3.55,2.81,2.52,2.21,2.04,2.17,2.80,2.84
Montenegro,MtCO2e,1.58,1.02,1.14,0.96,0.92,0.99,1.21,1.33,1.42,0.87,1.18,-2.46,-2.36,-2.24,-2.09,-2.13,-1.95,-2.03,-1.44,-2.38,-1.55,2.56,2.36,2.30,2.25,2.39,2.18,2.30,2.53,2.63
Maldives,MtCO2e,0.16,0.16,0.23,0.20,0.20,0.26,0.28,0.34,0.31,0.43,0.46,0.48,0.62,0.53,0.75,0.72,0.87,0.87,0.87,0.91,0.96,1.01,1.14,1.13,1.37,1.37,1.76,1.86,2.10,2.11
Guinea-Bissau,MtCO2e,1.66,1.66,1.66,1.67,1.67,1.67,1.66,1.68,1.66,1.68,1.63,1.64,1.64,1.68,1.69,1.70,1.70,1.72,1.71,1.72,1.73,1.73,1.73,1.74,1.75,1.77,1.79,1.79,1.80,1.82
Malta,MtCO2e,2.31,2.21,2.17,2.81,2.51,2.38,2.32,2.47,2.37,2.41,2.13,2.49,2.32,2.61,2.60,2.63,2.65,2.72,2.72,2.51,2.59,2.57,2.72,2.37,2.36,1.66,1.35,1.52,1.55,1.65
Iceland,MtCO2e,1.96,1.93,1.96,2.00,2.11,2.02,2.28,2.17,2.17,2.13,2.24,2.14,2.22,2.20,2.29,2.26,2.31,2.36,2.16,2.08,1.93,1.81,1.78,1.95,1.97,1.98,1.55,1.59,1.61,1.55
Eritrea,MtCO2e,0.43,0.43,0.87,1.07,1.17,1.23,1.31,1.26,1.05,1.08,1.07,1.15,1.14,1.15,1.14,1.06,0.98,0.97,0.90,0.93,0.96,0.95,1.00,1.02,1.03,1.03,1.11,1.17,1.30,1.32
Barbados,MtCO2e,0.98,0.98,1.18,1.00,1.03,1.07,1.06,1.16,1.27,1.30,1.24,1.31,1.37,1.38,1.36,1.41,1.47,1.48,1.78,4.62,1.55,1.76,2.12,1.44,1.27,1.27,1.29,1.17,1.23,1.25
Gambia,MtCO2e,0.72,0.73,0.73,0.73,0.73,0.74,0.75,0.76,0.77,0.79,0.77,0.84,0.83,0.83,0.84,0.86,0.89,0.94,0.96,1.02,0.97,0.98,0.99,0.97,1.04,1.06,1.06,1.07,1.08,1.11
Timor-Leste,MtCO2e,0.46,0.46,0.46,0.46,0.46,0.46,0.46,0.46,0.46,0.46,0.46,0.46,0.63,0.63,0.66,0.67,0.67,0.67,0.67,0.70,0.71,0.71,0.76,0.92,0.99,0.99,1.06,1.08,1.08,1.08
Costa Rica,MtCO2e,5.34,5.53,6.61,6.65,7.31,7.27,6.99,6.96,7.48,7.50,7.41,4.97,5.07,5.34,5.48,5.81,6.10,7.14,7.05,6.74,6.64,0.16,0.18,0.51,0.54,0.25,0.79,0.96,1.07,0.94
Eswatini,MtCO2e,0.43,0.43,0.45,0.46,0.48,0.50,0.33,0.46,0.49,0.55,0.56,0.48,0.49,0.50,0.50,0.53,0.52,0.53,0.50,0.57,0.52,0.52,0.55,0.62,0.62,0.63,0.72,0.76,0.79,0.84
Lesotho,MtCO2e,0.34,0.35,0.35,0.36,0.36,0.37,0.37,0.38,0.39,0.39,0.39,0.40,0.41,0.41,0.43,0.43,0.43,0.44,0.46,0.53,0.55,0.57,0.62,0.61,0.61,0.65,0.69,0.70,0.73,0.77
Seychelles,MtCO2e,0.15,0.17,0.18,0.19,0.21,0.20,0.24,0.28,0.29,0.31,0.29,0.32,0.35,0.34,0.38,0.38,0.39,0.40,0.42,0.45,0.44,0.41,0.43,0.42,0.47,0.51,0.58,0.58,0.58,0.61
Cape Verde,MtCO2e,-0.41,-0.41,-0.40,-0.40,-0.40,-0.39,-0.37,-0.37,-0.35,-0.32,-0.29,0.18,0.22,0.24,0.27,0.38,0.44,0.40,0.41,0.45,0.48,0.50,0.47,0.44,0.44,0.44,0.48,0.52,0.55,0.58
Antigua and Barbuda,MtCO2e,0.21,0.22,0.29,0.25,0.25,0.27,0.28,0.29,0.32,0.33,0.33,0.35,0.39,0.41,0.40,0.41,0.44,0.46,0.48,1.39,0.49,0.54,0.70,0.47,0.48,0.49,0.50,0.50,0.51,0.52
Andorra,MtCO2e,0.41,0.41,0.41,0.41,0.41,0.43,0.45,0.47,0.49,0.51,0.52,0.52,0.53,0.53,0.56,0.58,0.55,0.54,0.54,0.52,0.52,0.49,0.49,0.48,0.46,0.47,0.47,0.47,0.49,0.50
Djibouti,MtCO2e,0.27,0.29,0.30,0.30,0.29,0.32,0.30,0.33,0.39,0.39,0.37,0.38,0.40,0.41,0.40,0.43,0.43,0.47,0.47,0.47,0.52,0.48,0.50,0.56,0.40,0.46,0.42,0.42,0.40,0.42
Samoa,MtCO2e,0.20,0.21,0.21,0.22,0.21,0.22,0.24,0.24,0.25,0.25,0.26,0.27,0.28,0.28,0.30,0.31,0.30,0.31,0.28,0.28,0.30,0.30,0.31,0.31,0.32,0.35,0.40,0.41,0.40,0.40
Saint Lucia,MtCO2e,0.05,0.06,0.16,0.15,0.17,0.20,0.20,0.21,0.25,0.26,0.25,0.30,0.31,0.32,0.33,0.32,0.35,0.36,0.37,1.24,0.41,0.44,0.61,0.36,0.36,0.36,0.36,0.39,0.38,0.39
Comoros,MtCO2e,0.13,0.13,0.13,0.13,0.13,0.14,0.14,0.14,0.15,0.16,0.16,0.17,0.17,0.20,0.21,0.21,0.23,0.17,0.17,0.20,0.23,0.21,0.22,0.25,0.23,0.25,0.28,0.34,0.36,0.38
Sao Tome and Principe,MtCO2e,0.06,0.06,0.05,0.05,0.06,0.06,0.06,0.06,0.06,0.06,0.06,0.06,0.07,0.07,0.08,0.09,0.09,0.09,0.10,0.10,0.11,0.32,0.33,0.34,0.34,0.34,0.34,0.35,0.35,0.36
Grenada,MtCO2e,0.11,0.12,0.17,0.15,0.16,0.17,0.19,0.20,0.22,0.22,0.21,0.23,0.24,0.25,0.23,0.25,0.26,0.28,0.29,0.81,0.29,0.31,0.41,0.32,0.25,0.27,0.28,0.29,0.32,0.33
Saint Vincent and the Grenadines,MtCO2e,0.03,0.04,0.07,0.08,0.09,0.10,0.10,0.11,0.15,0.14,0.12,0.20,0.23,0.23,0.25,0.25,0.25,0.27,0.25,0.89,0.25,0.27,0.36,0.23,0.27,0.25,0.26,0.23,0.25,0.26
Palau,MtCO2e,false,false,0.20,0.20,0.20,0.20,0.20,0.20,0.20,0.20,0.21,0.22,0.22,0.22,0.23,0.26,0.25,0.24,0.21,0.20,0.21,0.21,0.22,0.22,0.22,0.21,0.25,0.26,0.25,0.25
Saint Kitts and Nevis,MtCO2e,0.11,0.11,0.15,0.14,0.15,0.15,0.15,0.16,0.18,0.18,0.19,0.21,0.23,0.23,0.24,0.22,0.23,0.25,0.25,0.70,0.24,0.28,0.34,0.23,0.23,0.24,0.24,0.24,0.25,0.25
Vanuatu,MtCO2e,0.07,0.07,0.06,0.06,0.06,0.07,0.09,0.09,0.08,0.09,0.09,0.09,0.08,0.09,0.07,0.07,0.07,0.11,0.10,0.13,0.13,0.13,0.12,0.11,0.16,0.14,0.18,0.17,0.21,0.21
Marshall Islands,MtCO2e,false,false,0.08,0.09,0.09,0.09,0.09,0.09,0.10,0.10,0.10,0.11,0.12,0.11,0.13,0.14,0.14,0.14,0.13,0.14,0.14,0.14,0.14,0.14,0.15,0.15,0.18,0.18,0.18,0.18
Tonga,MtCO2e,0.08,0.09,0.08,0.09,0.09,0.10,0.08,0.09,0.09,0.11,0.10,0.09,0.10,0.12,0.13,0.13,0.15,0.13,0.13,0.14,0.12,0.11,0.11,0.12,0.11,0.12,0.15,0.18,0.16,0.16
Dominica,MtCO2e,0.12,0.12,0.14,0.13,0.13,0.15,0.13,0.16,0.16,0.17,0.19,0.14,0.11,0.13,0.14,0.15,0.16,0.17,0.17,0.49,0.17,0.17,0.24,0.17,0.17,0.17,0.17,0.15,0.15,0.15
Liechtenstein,MtCO2e,0.22,0.23,0.23,0.24,0.22,0.23,0.23,0.24,0.25,0.25,0.24,0.24,0.25,0.26,0.26,0.26,0.26,0.23,0.25,0.23,0.22,0.18,0.19,0.19,0.16,0.16,0.15,0.16,0.14,0.15
Micronesia,MtCO2e,false,-0.03,0.08,0.08,0.08,0.09,0.09,0.10,0.10,0.10,0.11,0.12,0.11,0.13,0.13,0.13,0.11,0.11,0.09,0.10,0.08,0.09,0.10,0.11,0.11,0.12,0.14,0.14,0.14,0.14
Cook Islands,MtCO2e,0.02,0.02,0.02,0.02,0.02,0.02,0.03,0.03,0.03,0.03,0.03,0.05,0.04,0.05,0.05,0.06,0.06,0.06,0.06,0.06,0.06,0.07,0.07,0.07,0.07,0.07,0.08,0.09,0.09,0.09
Kiribati,MtCO2e,0.02,0.02,0.02,0.03,0.03,0.03,0.03,0.03,0.03,0.03,0.03,0.03,0.04,0.04,0.05,0.07,0.07,0.06,0.06,0.06,0.05,0.05,0.06,0.06,0.06,0.06,0.07,0.09,0.09,0.09
Nauru,MtCO2e,0.13,0.13,0.12,0.11,0.11,0.11,0.10,0.10,0.10,0.09,0.09,0.08,0.08,0.07,0.07,0.07,0.05,0.04,0.04,0.04,0.04,0.04,0.04,0.05,0.05,0.06,0.06,0.07,0.06,0.06
Tuvalu,MtCO2e,0.01,0.01,0.01,0.01,0.01,0.01,0.01,0.01,0.01,0.01,0.01,0.01,0.01,0.01,0.01,0.01,0.01,0.01,0.01,0.01,0.01,0.01,0.01,0.01,0.01,0.01,0.01,0.01,0.01,0.01
Niue,MtCO2e,0.01,0.01,0.01,0.01,0.01,0.01,0.01,0.01,0.01,0.01,0.01,0.01,0.01,0.01,0.01,0.01,0.01,0.01,0.01,0.01,0.01,0.00,0.00,0.00,0.00,0.00,0.00,0.00,0.00,0.00
Bhutan,MtCO2e,-6.53,-6.48,-6.49,-6.48,-6.47,-6.45,-6.41,-6.42,-6.41,-6.41,-6.40,-6.38,-6.37,-6.35,-6.32,-6.29,-6.29,-6.29,-6.31,-6.29,-6.21,-0.73,-0.67,-0.65,-0.61,-0.55,-0.39,-0.35,-0.27,-0.26
Fiji,MtCO2e,-1.85,-1.86,-1.82,-1.84,-1.84,-1.83,-1.77,-1.79,-1.81,-1.79,-1.73,-1.51,-1.66,-1.50,-1.08,-1.26,-1.16,-1.28,-1.58,-1.58,-1.38,-1.44,-1.52,-1.42,-1.26,-1.17,-1.02,-0.89,-0.92,-0.91
Ghana,MtCO2e,12.67,12.44,12.96,13.07,13.34,13.60,13.98,14.18,15.98,16.46,15.62,52.07,53.29,53.00,52.54,52.90,54.36,54.97,54.51,55.86,57.04,41.16,44.02,45.04,44.49,45.18,-8.86,-7.91,-6.25,-4.88
Data source,CAIT
Data for,Location: World. Sectors/Subsectors: Total including LUCF. Gases: CO2. Calculation: Total. Show data by Countries